{"0": {"low": {"mean_std": [1.6693213473695674, 1.0555383618454788], "min": [-8.679781826606844, -3.7905558666110766], "max": [28.15078604339961, 14.545654432454597]}, "high_horizontal": {"mean_std": [0.6871088283667808, 0.9662985579773744], "min": [-11.736491132056944, -9.597579313378745], "max": [11.86543003854721, 9.304882044196821]}, "high_vertical": {"mean_std": [0.6913363033251991, 0.9784711729852182], "min": [-11.28754094091146, -9.333930660433465], "max": [12.830686111041517, 9.050060313679467]}, "high_diagonal": {"mean_std": [0.46245961591723816, 0.9637990880951588], "min": [-5.3894689064571955, -8.747667334099809], "max": [6.2648773366774595, 9.507934774339178]}}, "1": {"low": {"mean_std": [2.7786684066849356, 1.2210308243170425], "min": [-13.984123538697988, -5.3969426401389535], "max": [34.10983198206252, 14.583337285010021]}, "high_horizontal": {"mean_std": [1.1627354896017277, 1.0036154197360674], "min": [-15.195785954842242, -10.928636286598834], "max": [14.484664302960779, 10.928636286598834]}, "high_vertical": {"mean_std": [1.165977711972828, 1.002674672081911], "min": [-13.975750407934536, -10.67439842164251], "max": [15.139707297827632, 9.983303039372853]}, "high_diagonal": {"mean_std": [0.844902923711649, 0.9762284380849298], "min": [-11.330135851269702, -7.582052004514969], "max": [10.579138006657294, 8.49955576708299]}}, "2": {"low": {"mean_std": [4.563199850585266, 1.5535632232684078], "min": [-23.472735828364353, -7.391046843062602], "max": [41.70369897016728, 15.086846643639877]}, "high_horizontal": {"mean_std": [1.9960171453028315, 1.114400270557827], "min": [-17.449867071068642, -10.780538097988787], "max": [18.334173412628203, 9.484154427486958]}, "high_vertical": {"mean_std": [2.0011195830873976, 1.1137101498843118], "min": [-19.41633891823371, -9.680335361451219], "max": [18.152796677593063, 9.240348699910871]}, "high_diagonal": {"mean_std": [1.4395857412720783, 1.0333304735063815], "min": [-11.957737119780077, -7.544191951432405], "max": [12.583363995484858, 7.703485950607547]}}, "3": {"low": {"mean_std": [7.2977398967066165, 2.1337562499992155], "min": [-35.95856180831529, -9.841826469436938], "max": [41.042988057282884, 15.722341105261346]}, "high_horizontal": {"mean_std": [3.451182027563604, 1.3587914022041436], "min": [-23.32318182100092, -12.400437283576723], "max": [22.425504834790065, 8.174111195024258]}, "high_vertical": {"mean_std": [3.459308788969439, 1.3580709408859826], "min": [-22.584621585837063, -9.424143985236368], "max": [25.72986918713884, 9.167467957182053]}, "high_diagonal": {"mean_std": [2.481676012767863, 1.1876316462816454], "min": [-15.776820114372116, -6.9425418653219655], "max": [16.5908118480012, 8.588753767779037]}}, "4": {"low": {"mean_std": [11.138985036602485, 3.016361655693337], "min": [-57.37339773936235, -14.133408732706524], "max": [55.5352534523663, 14.609445860088652]}, "high_horizontal": {"mean_std": [5.91827943722976, 1.8455341188532124], "min": [-29.818265241605612, -9.916336593925733], "max": [29.797592472994538, 9.564947077541786]}, "high_vertical": {"mean_std": [5.939608756162522, 1.8454322065892728], "min": [-30.644617678179856, -10.868030279589997], "max": [30.850784161574126, 8.929545623818505]}, "high_diagonal": {"mean_std": [4.317879898461532, 1.5169886007181161], "min": [-22.85472900623603, -8.875578751681491], "max": [22.17200038357749, 7.7996957239150975]}}, "5": {"low": {"mean_std": [15.872427434912971, 4.138515208360097], "min": [-81.7683796842852, -19.74955566255411], "max": [66.66640032518264, 19.603831558066524]}, "high_horizontal": {"mean_std": [9.740488203243913, 2.7055633326327695], "min": [-47.31166744249816, -13.236036787986407], "max": [45.51489781998403, 13.410944013011703]}, "high_vertical": {"mean_std": [9.750045101471976, 2.7008680463966424], "min": [-49.909809885825176, -12.947017344790309], "max": [48.276751855645834, 14.144522561679942]}, "high_diagonal": {"mean_std": [7.375235336313609, 2.1563378737330043], "min": [-39.080560729023766, -10.826653204061007], "max": [34.46178364861186, 11.535299760998543]}}, "6": {"low": {"mean_std": [20.78378660818169, 5.281597323864455], "min": [-111.77228286472118, -26.33981430025282], "max": [78.2632854631009, 19.526078269900154]}, "high_horizontal": {"mean_std": [14.704312463745651, 3.8934234127781604], "min": [-62.70165442806581, -16.74423921215153], "max": [64.1412880913302, 17.4155891198712]}, "high_vertical": {"mean_std": [14.775926723174855, 3.890529460055748], "min": [-68.9818855546256, -18.219146351752062], "max": [68.73990037664454, 18.446391734682262]}, "high_diagonal": {"mean_std": [11.869825489128015, 3.209392516444214], "min": [-54.275139914693334, -14.716335820087458], "max": [50.42953554842107, 14.59054405161355]}}}