{"0": {"low": {"mean_std": [1.6411907947086688, 1.0438540370110123], "min": [-8.322732112943793, -3.7513295786785434], "max": [28.004684747195913, 14.449067749746096]}, "high_horizontal": {"mean_std": [0.6441159798307519, 0.9556404422017382], "min": [-11.614877495447132, -9.5286540495275], "max": [11.61487749540527, 9.236609958681823]}, "high_vertical": {"mean_std": [0.6485545004338047, 0.9676568076362092], "min": [-11.251649931167764, -9.265608530571022], "max": [12.466310715759683, 8.993598897232115]}, "high_diagonal": {"mean_std": [0.4007969806149126, 0.9531541460581504], "min": [-5.1589680242935785, -8.688106045290565], "max": [6.1418101644606224, 9.439233987420094]}}, "1": {"low": {"mean_std": [2.7480036130543897, 1.2074095903780766], "min": [-13.381295395012861, -5.360631567281251], "max": [34.39060879587697, 14.452109050565284]}, "high_horizontal": {"mean_std": [1.1318452046474061, 0.9925465057770096], "min": [-14.935751748254686, -10.854503381456725], "max": [14.591069775165753, 10.854503381456725]}, "high_vertical": {"mean_std": [1.1351400954494741, 0.9916193532375828], "min": [-13.887834066560346, -10.605420511083523], "max": [14.694645923330885, 9.92175950199845]}, "high_diagonal": {"mean_std": [0.8080075138036676, 0.9654667203042837], "min": [-11.250847289187796, -7.5202268409723505], "max": [10.445801210845277, 8.437590740863522]}}, "2": {"low": {"mean_std": [4.522239689111874, 1.5360266234465731], "min": [-22.047462036160645, -7.372931663364425], "max": [42.534446759638236, 14.909352165506117]}, "high_horizontal": {"mean_std": [1.967865489766244, 1.1020501184518312], "min": [-17.220941923772966, -10.69729720185774], "max": [18.21274930598453, 9.41302208508722]}, "high_vertical": {"mean_std": [1.9729687067697517, 1.101372811788664], "min": [-19.327791615903482, -9.605585644092445], "max": [17.729942276048114, 9.158223658238946]}, "high_diagonal": {"mean_std": [1.4107831099557595, 1.0219312876605013], "min": [-12.03251712729527, -7.4897027994528065], "max": [12.313113117518142, 7.6399421260349705]}}, "3": {"low": {"mean_std": [7.237515275490849, 2.1093908442087974], "min": [-33.9436447923714, -9.871333677460418], "max": [42.629612536875364, 15.449591105784245]}, "high_horizontal": {"mean_std": [3.4169167283389243, 1.3435781197814323], "min": [-23.271924006593167, -12.305085312325664], "max": [22.29634422028733, 8.127682880707955]}, "high_vertical": {"mean_std": [3.4251810931172724, 1.3428683715558614], "min": [-22.447589226181698, -9.330398560427207], "max": [25.501559253748326, 9.090617916374494]}, "high_diagonal": {"mean_std": [2.452250033597986, 1.174439879922176], "min": [-15.566482375025204, -6.88311550997576], "max": [17.015891075177045, 8.520141983993023]}}, "4": {"low": {"mean_std": [11.049974834036872, 2.9816182679380367], "min": [-53.16226190289892, -14.269895929565353], "max": [58.42530829475694, 14.144346033095715]}, "high_horizontal": {"mean_std": [5.867865343115056, 1.8245988500734434], "min": [-29.345577926333878, -9.802816709142142], "max": [29.650930901944054, 9.454392305368742]}, "high_vertical": {"mean_std": [5.889433840589975, 1.8244980019683514], "min": [-30.432176497758054, -10.7470902361438], "max": [30.52654132349919, 8.83111798915172]}, "high_diagonal": {"mean_std": [4.278372609547609, 1.4999236634793598], "min": [-22.80606814835132, -8.779807494984404], "max": [22.15346357458413, 7.712240408455611]}}, "5": {"low": {"mean_std": [15.74728580292561, 4.090539969483499], "min": [-74.20507594087513, -20.11993374914399], "max": [73.26423619408567, 18.78048489278328]}, "high_horizontal": {"mean_std": [9.66225657711903, 2.6745336174411745], "min": [-46.559573277512, -13.086110709605366], "max": [45.03837679892201, 13.253421562527215]}, "high_vertical": {"mean_std": [9.671899214407057, 2.669891464602716], "min": [-49.245490342538986, -12.800921027480475], "max": [47.844194447535834, 13.985130588534618]}, "high_diagonal": {"mean_std": [7.314116183320858, 2.1317544411876272], "min": [-39.26336478264864, -10.705491070521155], "max": [34.19752404913348, 11.403926291233347]}}, "6": {"low": {"mean_std": [20.621232663532698, 5.219912780417666], "min": [-96.75993320606504, -27.233188111973025], "max": [92.0592061651484, 18.09294047841251]}, "high_horizontal": {"mean_std": [14.588561272524613, 3.8484914976117826], "min": [-62.11517508765402, -16.552471406039842], "max": [63.34251341985213, 17.21775862703273]}, "high_vertical": {"mean_std": [14.660025679241398, 3.8456103819254874], "min": [-68.41527882856059, -18.011854148165025], "max": [68.03970020084527, 18.235730215530175]}, "high_diagonal": {"mean_std": [11.775201041949545, 3.172476859977204], "min": [-54.323660891659664, -14.55176621127542], "max": [49.83993057486756, 14.424683884253232]}}}