{"0": {"low": {"mean_std": [1.643619319863119, 1.0440656272307334], "min": [-8.30746703792522, -3.7513295786785434], "max": [27.859475736216357, 14.449067749746096]}, "high_horizontal": {"mean_std": [0.6507351544486609, 0.9554500048582675], "min": [-11.65532467980031, -9.5286540495275], "max": [11.668047779071376, 9.236609958681823]}, "high_vertical": {"mean_std": [0.6539911645964751, 0.9692920088020094], "min": [-11.3371307835197, -9.265608530571022], "max": [12.420535564722188, 8.993598897232115]}, "high_diagonal": {"mean_std": [0.4103141616585414, 0.9543800177585597], "min": [-5.275702841573856, -8.688106045290565], "max": [6.230973421922292, 9.439233987420094]}}, "1": {"low": {"mean_std": [2.749331340244057, 1.2071836676605028], "min": [-13.603218868678967, -5.360631567281251], "max": [34.31898644687299, 14.452109050565284]}, "high_horizontal": {"mean_std": [1.1355560613666336, 0.9919948725578033], "min": [-14.787704107586807, -10.854503381456725], "max": [14.502413564892844, 10.854503381456725]}, "high_vertical": {"mean_std": [1.1387439762753535, 0.9926189956910422], "min": [-14.045906813335092, -10.605420511083523], "max": [14.58691827084549, 9.92175950199845]}, "high_diagonal": {"mean_std": [0.8128847335921576, 0.9662372046523799], "min": [-11.299543469271363, -7.5202268409723505], "max": [10.350813127812879, 8.437590740863522]}}, "2": {"low": {"mean_std": [4.522725860941272, 1.5356243576277209], "min": [-21.866613118470582, -7.372931663364425], "max": [42.48700560703644, 14.909352165506117]}, "high_horizontal": {"mean_std": [1.9699761657135975, 1.1012812117016795], "min": [-17.259631677038485, -10.69729720185774], "max": [18.210276510239336, 9.41302208508722]}, "high_vertical": {"mean_std": [1.9751940885500057, 1.1016373117208227], "min": [-19.403197611755072, -9.605585644092445], "max": [17.73050894189722, 9.158223658238946]}, "high_diagonal": {"mean_std": [1.4137845098806001, 1.0220459971716453], "min": [-11.98083382824481, -7.4897027994528065], "max": [12.288838378910592, 7.6399421260349705]}}, "3": {"low": {"mean_std": [7.235905946088686, 2.1086883554664304], "min": [-33.98029207709295, -9.871333677460418], "max": [42.64371219859737, 15.449591105784245]}, "high_horizontal": {"mean_std": [3.4187422607143496, 1.3425532052321991], "min": [-23.34181202930351, -12.305085312325664], "max": [22.26676063723486, 8.127682880707955]}, "high_vertical": {"mean_std": [3.4278973840028275, 1.3424822375958483], "min": [-22.38030591087182, -9.330398560427207], "max": [25.48996507764813, 9.090617916374494]}, "high_diagonal": {"mean_std": [2.454045201861819, 1.1752618070633305], "min": [-15.71497999106922, -6.88311550997576], "max": [16.97832518984991, 8.520141983993023]}}, "4": {"low": {"mean_std": [11.046599527590022, 2.9789813621869667], "min": [-53.13107903275986, -14.269895929565353], "max": [58.25243134333394, 14.144346033095715]}, "high_horizontal": {"mean_std": [5.870558450730436, 1.8241776713540534], "min": [-29.34059036661248, -9.802816709142142], "max": [29.619534942214447, 9.454392305368742]}, "high_vertical": {"mean_std": [5.884007249601741, 1.8254058736077046], "min": [-30.3780578094561, -10.7470902361438], "max": [30.455644418235664, 8.83111798915172]}, "high_diagonal": {"mean_std": [4.2798628143985376, 1.5006815185759745], "min": [-22.77829122056322, -8.779807494984404], "max": [22.120633509872118, 7.712240408455611]}}, "5": {"low": {"mean_std": [15.749667770309308, 4.08681008559338], "min": [-74.21477413755503, -20.11993374914399], "max": [73.03001781813795, 18.78048489278328]}, "high_horizontal": {"mean_std": [9.659698212865097, 2.6747354573740494], "min": [-46.55792839530293, -13.086110709605366], "max": [45.013304793885936, 13.253421562527215]}, "high_vertical": {"mean_std": [9.660192749983594, 2.662597522073994], "min": [-49.215827978131514, -12.800921027480475], "max": [47.719864146130995, 13.985130588534618]}, "high_diagonal": {"mean_std": [7.309416485135147, 2.1332789571908055], "min": [-39.17466810488099, -10.705491070521155], "max": [34.09663288027861, 11.403926291233347]}}, "6": {"low": {"mean_std": [20.60835217077964, 5.214993109453472], "min": [-96.7315953243859, -27.233188111973025], "max": [92.2056796837884, 18.09294047841251]}, "high_horizontal": {"mean_std": [14.634019450980244, 3.850480931824254], "min": [-62.29030101767443, -16.552471406039842], "max": [63.21822958862227, 17.21775862703273]}, "high_vertical": {"mean_std": [14.676162141297949, 3.844127608830105], "min": [-68.34402092881076, -18.011854148165025], "max": [68.06260095922575, 18.235730215530175]}, "high_diagonal": {"mean_std": [11.743648757347756, 3.1630391921256797], "min": [-54.358026810972184, -14.55176621127542], "max": [49.99002688916416, 14.424683884253232]}}}