{"0": {"low": {"mean_std": [1.6414182595230415, 1.0438540370110123], "min": [-8.303566105417996, -3.7513295786785434], "max": [27.983281378441927, 14.449067749746096]}, "high_horizontal": {"mean_std": [0.6571844123873248, 0.9556404422017382], "min": [-11.633194206430101, -9.5286540495275], "max": [11.71223634412513, 9.236609958681823]}, "high_vertical": {"mean_std": [0.6615375763874916, 0.9676568076362092], "min": [-11.22404083887939, -9.265608530571022], "max": [12.380809842475463, 8.993598897232115]}, "high_diagonal": {"mean_std": [0.48040467480378246, 0.9531541460581504], "min": [-5.567592770005913, -8.688106045290565], "max": [6.288037228328325, 9.439233987420094]}}, "1": {"low": {"mean_std": [2.748097182212125, 1.2074095903780766], "min": [-13.376610489475409, -5.360631567281251], "max": [34.389754293796415, 14.452109050565284]}, "high_horizontal": {"mean_std": [1.1322671689241692, 0.9925465057770096], "min": [-14.930166102048927, -10.854503381456725], "max": [14.579458113030023, 10.854503381456725]}, "high_vertical": {"mean_std": [1.1355625928969544, 0.9916193532375828], "min": [-13.840276871648003, -10.605420511083523], "max": [14.66791845833957, 9.92175950199845]}, "high_diagonal": {"mean_std": [0.8083448525798189, 0.9654667203042837], "min": [-11.258232590533286, -7.5202268409723505], "max": [10.457081700966704, 8.437590740863522]}}, "2": {"low": {"mean_std": [4.5222543195859055, 1.5360266234465731], "min": [-22.037500411899067, -7.372931663364425], "max": [42.527228195552325, 14.909352165506117]}, "high_horizontal": {"mean_std": [1.9679573031650985, 1.1020501184518312], "min": [-17.21514872128934, -10.69729720185774], "max": [18.17860238320919, 9.41302208508722]}, "high_vertical": {"mean_std": [1.9730562827202625, 1.101372811788664], "min": [-19.308892937292505, -9.605585644092445], "max": [17.74785006211169, 9.158223658238946]}, "high_diagonal": {"mean_std": [1.4112054259416265, 1.0219312876605013], "min": [-12.061250029706082, -7.4897027994528065], "max": [12.318925515721523, 7.6399421260349705]}}, "3": {"low": {"mean_std": [7.237518050653792, 2.1093908442087974], "min": [-33.94713678942143, -9.871333677460418], "max": [42.633621992222885, 15.449591105784245]}, "high_horizontal": {"mean_std": [3.4169338447743955, 1.3435781197814323], "min": [-23.26087470379557, -12.305085312325664], "max": [22.283313508080134, 8.127682880707955]}, "high_vertical": {"mean_std": [3.4252010652824563, 1.3428683715558614], "min": [-22.439594819567752, -9.330398560427207], "max": [25.499364335585316, 9.090617916374494]}, "high_diagonal": {"mean_std": [2.4523149344479256, 1.174439879922176], "min": [-15.569254313497012, -6.88311550997576], "max": [17.003986342948142, 8.520141983993023]}}, "4": {"low": {"mean_std": [11.049976221279753, 2.9816182679380367], "min": [-53.161375423704904, -14.269895929565353], "max": [58.42994071643595, 14.144346033095715]}, "high_horizontal": {"mean_std": [5.867870692393732, 1.8245988500734434], "min": [-29.346391064647793, -9.802816709142142], "max": [29.655731191215374, 9.454392305368742]}, "high_vertical": {"mean_std": [5.889435279888403, 1.8244980019683514], "min": [-30.429300782332245, -10.7470902361438], "max": [30.52515361711462, 8.83111798915172]}, "high_diagonal": {"mean_std": [4.278375916098941, 1.4999236634793598], "min": [-22.795339093284873, -8.779807494984404], "max": [22.159968350113786, 7.712240408455611]}}, "5": {"low": {"mean_std": [15.74728748207551, 4.090539969483499], "min": [-74.20413778849141, -20.11993374914399], "max": [73.26293305137207, 18.78048489278328]}, "high_horizontal": {"mean_std": [9.66225227403202, 2.6745336174411745], "min": [-46.560023705443676, -13.086110709605366], "max": [45.03451724904195, 13.253421562527215]}, "high_vertical": {"mean_std": [9.671901697950977, 2.669891464602716], "min": [-49.243854177342854, -12.800921027480475], "max": [47.84834879814235, 13.985130588534618]}, "high_diagonal": {"mean_std": [7.314119721849785, 2.1317544411876272], "min": [-39.26471117448205, -10.705491070521155], "max": [34.19945404198456, 11.403926291233347]}}, "6": {"low": {"mean_std": [20.62123407457279, 5.219912780417666], "min": [-96.75988847160411, -27.233188111973025], "max": [92.05979049491441, 18.09294047841251]}, "high_horizontal": {"mean_std": [14.58856545855458, 3.8484914976117826], "min": [-62.11176198901067, -16.552471406039842], "max": [63.34487911674514, 17.21775862703273]}, "high_vertical": {"mean_std": [14.660026425048313, 3.8456103819254874], "min": [-68.41294622224125, -18.011854148165025], "max": [68.04125397026601, 18.235730215530175]}, "high_diagonal": {"mean_std": [11.775200350000445, 3.172476859977204], "min": [-54.319404252818025, -14.55176621127542], "max": [49.840475906232676, 14.424683884253232]}}}