{"0": {"low": {"mean_std": [1.641029876110576, 1.0449332257368356], "min": [-8.325217261002464, -3.7513295786785434], "max": [27.989763193781197, 14.171905536607312]}, "high_horizontal": {"mean_std": [0.6473111401195862, 0.9556768636601518], "min": [-11.638410481997084, -9.5286540495275], "max": [13.84462041007359, 9.236609958681823]}, "high_vertical": {"mean_std": [0.6517246351686331, 0.9678189044590295], "min": [-11.206218716220777, -9.265608530571022], "max": [12.450688229880791, 9.095143385949822]}, "high_diagonal": {"mean_std": [0.42197484965670673, 0.9531986331204064], "min": [-5.1597443858791685, -8.688106045290565], "max": [6.108529865226692, 9.439233987420094]}}, "1": {"low": {"mean_std": [2.747476913559957, 1.2111402742781705], "min": [-13.265464570661548, -7.502659157357088], "max": [32.6454412009207, 15.321381216757892]}, "high_horizontal": {"mean_std": [1.1318192749821336, 0.9924472519807261], "min": [-15.366894559960192, -10.010555866496885], "max": [14.499311526690942, 10.410435653348157]}, "high_vertical": {"mean_std": [1.1354066742604958, 0.9918941550516299], "min": [-14.020126515023229, -10.605420511083523], "max": [13.661012769043257, 9.972918218328292]}, "high_diagonal": {"mean_std": [0.8081611541648525, 0.965312023758109], "min": [-11.25796634494323, -8.071320885678169], "max": [10.464344696379774, 9.670900096779832]}}, "2": {"low": {"mean_std": [4.521006158887285, 1.5468483295459876], "min": [-21.984311440188655, -15.005318314714177], "max": [41.56459638769512, 14.128769933287806]}, "high_horizontal": {"mean_std": [1.9677318268140274, 1.1020338472090594], "min": [-17.7434227277591, -10.440460071571488], "max": [18.9274592487021, 9.41302208508722]}, "high_vertical": {"mean_std": [1.9729757956082126, 1.1030066502319644], "min": [-17.959675791157757, -11.022242785776651], "max": [16.703915426295147, 10.68329900955389]}, "high_diagonal": {"mean_std": [1.4108230799219672, 1.021549398678724], "min": [-12.338015150481265, -7.752143314322557], "max": [11.531428766373395, 7.6399421260349705]}}, "3": {"low": {"mean_std": [7.2333037777866815, 2.133872874049118], "min": [-34.4114334882281, -26.27535212919164], "max": [43.10370942923644, 17.398272853674314]}, "high_horizontal": {"mean_std": [3.417747278341451, 1.343567067954519], "min": [-23.00294005359373, -8.089318560895016], "max": [23.158153922430383, 8.222448625453092]}, "high_vertical": {"mean_std": [3.4263232778057717, 1.3541224724652137], "min": [-25.044653154203655, -16.831690174766806], "max": [23.157329625571066, 16.60622283848293]}, "high_diagonal": {"mean_std": [2.452864478389115, 1.1741534253579762], "min": [-15.577799869159628, -7.773737013146768], "max": [17.013253069009462, 8.094637888195816]}}, "4": {"low": {"mean_std": [11.044407796944723, 3.0186642096774325], "min": [-53.05024171127775, -30.495870852070446], "max": [64.75154322670855, 14.817692932668502]}, "high_horizontal": {"mean_std": [5.865258811303665, 1.8254198373195094], "min": [-33.816444677027604, -10.001590772810266], "max": [33.34644342461232, 9.848321805303168]}, "high_vertical": {"mean_std": [5.882166499269191, 1.8763197421848683], "min": [-30.01218341533874, -25.144657014919233], "max": [33.34883735077012, 28.480038686311197]}, "high_diagonal": {"mean_std": [4.27808036864403, 1.4994670252444329], "min": [-23.294091088161082, -8.188678478639492], "max": [21.78334020914399, 8.450478545407481]}}, "5": {"low": {"mean_std": [15.740961049864598, 4.153239748589671], "min": [-74.20466896852137, -34.653588445176474], "max": [74.97523483097049, 18.78048489278328]}, "high_horizontal": {"mean_std": [9.643959136425195, 2.6717098642423105], "min": [-45.35186683100893, -12.131643754099825], "max": [47.36723724373909, 12.127156307222815]}, "high_vertical": {"mean_std": [9.670784153220598, 2.742474879267476], "min": [-49.24513815733722, -25.07838794804496], "max": [49.87215295707054, 28.8107532108526]}, "high_diagonal": {"mean_std": [7.321079607759279, 2.130699365399231], "min": [-35.62870329809477, -10.705491070521155], "max": [34.76977017656482, 10.312975556966144]}}, "6": {"low": {"mean_std": [20.594125879112557, 5.332455738223488], "min": [-96.76010794453165, -42.62477525203001], "max": [95.14928964715273, 18.742291402804327]}, "high_horizontal": {"mean_std": [14.601463097707445, 3.8511295160322865], "min": [-60.18495789710861, -18.00629500728939], "max": [67.26331290581653, 17.897883121842774]}, "high_vertical": {"mean_std": [14.668742710359327, 3.957307501614798], "min": [-59.60137327113188, -27.643570373494423], "max": [62.1219746295472, 32.48559983110997]}, "high_diagonal": {"mean_std": [11.77134283856893, 3.1727328046499865], "min": [-52.2269269158334, -14.230953673314122], "max": [55.20588837138023, 16.005920159330472]}}, "7": {"low": {"mean_std": [24.54965541252954, 6.39614159013722], "min": [-97.71149695823622, -48.40552445726314], "max": [98.86475128802806, 16.127414905690358]}, "high_horizontal": {"mean_std": [19.962621208758794, 5.077110122449071], "min": [-74.09905046801282, -24.058863705100705], "max": [102.23767517216419, 22.812047712301215]}, "high_vertical": {"mean_std": [20.05734526427367, 5.222769131481851], "min": [-94.04253344160095, -34.728813012259565], "max": [81.65107768516961, 35.391470418887565]}, "high_diagonal": {"mean_std": [17.10653248213757, 4.4437235723698265], "min": [-77.02773232644205, -17.53529529432324], "max": [69.53598982071347, 17.42215527101181]}}}