{"0": {"low": {"mean_std": [1.640974256112926, 1.0449332257368356], "min": [-8.323331678920427, -3.7513295786785434], "max": [28.002906543669138, 14.171905536607312]}, "high_horizontal": {"mean_std": [0.6440696748493064, 0.9556768636601518], "min": [-11.710629044196086, -9.5286540495275], "max": [13.889562710513838, 9.236609958681823]}, "high_vertical": {"mean_std": [0.6485081982256548, 0.9678189044590295], "min": [-11.25094205271974, -9.265608530571022], "max": [12.474180247289635, 9.095143385949822]}, "high_diagonal": {"mean_std": [0.4008860956206673, 0.9531986331204064], "min": [-4.98871368094515, -8.688106045290565], "max": [6.152107153822864, 9.439233987420094]}}, "1": {"low": {"mean_std": [2.7474545706127294, 1.2111402742781705], "min": [-13.267455223158718, -7.502659157357088], "max": [32.66009683353247, 15.321381216757892]}, "high_horizontal": {"mean_std": [1.1317141094189767, 0.9924472519807261], "min": [-15.38311113348475, -10.010555866496885], "max": [14.491621271137275, 10.410435653348157]}, "high_vertical": {"mean_std": [1.1353011691237451, 0.9918941550516299], "min": [-14.018190987851968, -10.605420511083523], "max": [13.6666207258952, 9.972918218328292]}, "high_diagonal": {"mean_std": [0.8080768022870319, 0.965312023758109], "min": [-11.251473284253835, -8.071320885678169], "max": [10.446943524471303, 9.670900096779832]}}, "2": {"low": {"mean_std": [4.521002215432878, 1.5468483295459876], "min": [-21.98962308450269, -15.005318314714177], "max": [41.567448936945105, 14.128769933287806]}, "high_horizontal": {"mean_std": [1.9677093522582436, 1.1020338472090594], "min": [-17.742287277156844, -10.440460071571488], "max": [18.918355813532823, 9.41302208508722]}, "high_vertical": {"mean_std": [1.972953518008993, 1.1030066502319644], "min": [-17.965994624535764, -11.022242785776651], "max": [16.71082038545004, 10.68329900955389]}, "high_diagonal": {"mean_std": [1.410720152593305, 1.021549398678724], "min": [-12.352081772112458, -7.752143314322557], "max": [11.501855050733633, 7.6399421260349705]}}, "3": {"low": {"mean_std": [7.233302618056592, 2.133872874049118], "min": [-34.407828100087194, -26.27535212919164], "max": [43.105610704345004, 17.398272853674314]}, "high_horizontal": {"mean_std": [3.417743462490958, 1.343567067954519], "min": [-22.999929340617108, -8.089318560895016], "max": [23.151201610137683, 8.222448625453092]}, "high_vertical": {"mean_std": [3.4263204164721497, 1.3541224724652137], "min": [-25.042330711989273, -16.831690174766806], "max": [23.154274882230222, 16.60622283848293]}, "high_diagonal": {"mean_std": [2.4528494590354937, 1.1741534253579762], "min": [-15.56703257143952, -7.773737013146768], "max": [17.0138497479028, 8.094637888195816]}}, "4": {"low": {"mean_std": [11.044408451140473, 3.0186642096774325], "min": [-53.050994977687516, -30.495870852070446], "max": [64.75179156249807, 14.817692932668502]}, "high_horizontal": {"mean_std": [5.865256982314847, 1.8254198373195094], "min": [-33.81890981233824, -10.001590772810266], "max": [33.34978879877308, 9.848321805303168]}, "high_vertical": {"mean_std": [5.882166375292441, 1.8763197421848683], "min": [-30.00935619798521, -25.144657014919233], "max": [33.35008252036355, 28.480038686311197]}, "high_diagonal": {"mean_std": [4.278075487953442, 1.4994670252444329], "min": [-23.302772067864787, -8.188678478639492], "max": [21.78528835872016, 8.450478545407481]}}, "5": {"low": {"mean_std": [15.740961107307795, 4.153239748589671], "min": [-74.20495060954885, -34.653588445176474], "max": [74.9745145681794, 18.78048489278328]}, "high_horizontal": {"mean_std": [9.643959545976337, 2.6717098642423105], "min": [-45.35089887423745, -12.131643754099825], "max": [47.36690344158113, 12.127156307222815]}, "high_vertical": {"mean_std": [9.670785767678055, 2.742474879267476], "min": [-49.245437689480354, -25.07838794804496], "max": [49.87025938791465, 28.8107532108526]}, "high_diagonal": {"mean_std": [7.321081931283384, 2.130699365399231], "min": [-35.62777046338428, -10.705491070521155], "max": [34.770261195388265, 10.312975556966144]}}, "6": {"low": {"mean_std": [20.59412539894595, 5.332455738223488], "min": [-96.75991694287436, -42.62477525203001], "max": [95.14909377498779, 18.742291402804327]}, "high_horizontal": {"mean_std": [14.601460171100568, 3.8511295160322865], "min": [-60.18483222334774, -18.00629500728939], "max": [67.26278965199552, 17.897883121842774]}, "high_vertical": {"mean_std": [14.66874352987608, 3.957307501614798], "min": [-59.60243285590437, -27.643570373494423], "max": [62.12221072936282, 32.48559983110997]}, "high_diagonal": {"mean_std": [11.771348340863579, 3.1727328046499865], "min": [-52.226434483961434, -14.230953673314122], "max": [55.20644539495512, 16.005920159330472]}}, "7": {"low": {"mean_std": [24.549654367814487, 6.39614159013722], "min": [-97.71110140535606, -48.40552445726314], "max": [98.86459843085551, 16.127414905690358]}, "high_horizontal": {"mean_std": [19.962620057680052, 5.077110122449071], "min": [-74.09940164224012, -24.058863705100705], "max": [102.2386101905164, 22.812047712301215]}, "high_vertical": {"mean_std": [20.057342237700002, 5.222769131481851], "min": [-94.04279708280006, -34.728813012259565], "max": [81.65122997768653, 35.391470418887565]}, "high_diagonal": {"mean_std": [17.10653201004155, 4.4437235723698265], "min": [-77.02808369914378, -17.53529529432324], "max": [69.5352368846911, 17.42215527101181]}}}