{"0": {"low": {"mean_std": [1.6412145228905342, 2.1773149320677807, 1.0437990646975872], "min": [-8.194566477893826, -38.41620276297903, -3.638128883782748], "max": [27.741993163336172, 16.95723329922374, 13.619837324941049]}, "high_horizontal": {"mean_std": [0.6462483081914344, 0.38066103048981825, 0.9556451725879399], "min": [-10.784782414602905, -20.6750592992076, -9.5286540495275], "max": [11.661996111435249, 21.3797006332124, 9.236609958681823]}, "high_vertical": {"mean_std": [0.6508132232269658, 0.3824207128826095, 0.9675447612322545], "min": [-12.413555494146125, -22.46766961520918, -9.433582874950815], "max": [12.405815517751135, 21.16087866689112, 9.26560853057102]}, "high_diagonal": {"mean_std": [0.4145314204906502, 0.1891504179123993, 0.95307193833576], "min": [-5.131273852071714, -15.792422023749419, -8.688106045290565], "max": [5.571943892546799, 13.06232418544823, 9.359970470499132]}}, "1": {"low": {"mean_std": [2.747949161734629, 4.085077402001251, 1.207210367312727], "min": [-13.713661614127677, -76.1464667539994, -5.360631567281251], "max": [34.38119391668846, 12.614288733487264, 14.452109050565284]}, "high_horizontal": {"mean_std": [1.1319614932514435, 1.0046194605250043, 0.9925876872251423], "min": [-15.871999368068206, -21.955458418777464, -10.410435653348157], "max": [14.43275637510529, 16.32392366521767, 9.13011870866719]}, "high_vertical": {"mean_std": [1.1352485054510786, 1.0088098328110942, 0.991500599803512], "min": [-13.690251122947874, -17.172897640039793, -9.256973413974912], "max": [14.677406488284214, 21.570830149714524, 8.685051258407386]}, "high_diagonal": {"mean_std": [0.8080682783726606, 0.497705058619891, 0.9655540697999918], "min": [-10.199268078154503, -16.012458047479953, -7.554319956637225], "max": [10.46054724624943, 15.34923665628659, 8.415931947124339]}}, "2": {"low": {"mean_std": [4.521904074513464, 7.26418324299823, 1.5357770684011216], "min": [-21.831883860066974, -148.23799769701046, -7.665970613906095], "max": [41.84120890191734, 20.91189849549512, 14.909352165506117]}, "high_horizontal": {"mean_std": [1.9678373630062156, 2.4567980459995953, 1.1017860809105848], "min": [-16.329525175495487, -28.28520085632877, -10.585778606281185], "max": [18.285837277798024, 27.62580942804058, 13.544430155041313]}, "high_vertical": {"mean_std": [1.9733589268029583, 2.4654193694910416, 1.1011320509389415], "min": [-19.326373539989067, -28.84064179158861, -9.605585644092445], "max": [17.35616306552853, 27.415625512906853, 9.982859249478693]}, "high_diagonal": {"mean_std": [1.410915393404805, 1.3663102374578278, 1.0219016342967178], "min": [-12.145879407352293, -18.13981854179568, -8.269176602997566], "max": [12.323798297927432, 18.1833460465484, 7.7733675536322915]}}, "3": {"low": {"mean_std": [7.236250975120772, 12.0279751852559, 2.1087875404874277], "min": [-34.026112623542154, -271.1138413036754, -10.093031417551792], "max": [40.39027694355549, 37.444951995581455, 19.252075155544954]}, "high_horizontal": {"mean_std": [3.417697023755426, 5.239976513450121, 1.3434651726494216], "min": [-23.127394235658056, -60.74891500138139, -8.232666673350476], "max": [23.820098591124864, 60.18747527746837, 9.800012187500307]}, "high_vertical": {"mean_std": [3.4254318239956074, 5.255414472386574, 1.3429351946607366], "min": [-23.108452519522164, -62.46178988220242, -10.447462937063948], "max": [25.503513929266564, 62.93982628776062, 9.0234994982775]}, "high_diagonal": {"mean_std": [2.4520233990748443, 3.362862707918444, 1.1742455123778643], "min": [-16.641828258644246, -34.07625398651574, -7.960453265680892], "max": [14.418165006898706, 43.21673587014286, 6.456767782153424]}}, "4": {"low": {"mean_std": [11.049720113984993, 18.586768575955418, 2.9802173940364067], "min": [-51.940047549762255, -451.80869457879885, -14.006052520152645], "max": [55.14401891590994, 60.064337172990264, 14.416682085250335]}, "high_horizontal": {"mean_std": [5.864912699252542, 9.625598730267338, 1.8245656045171035], "min": [-30.992803655823, -122.87818375071683, -8.76788864390923], "max": [28.775784092094252, 129.07343534883896, 9.41776202817942]}, "high_vertical": {"mean_std": [5.886919201157056, 9.65227280804194, 1.8242279469546774], "min": [-30.42978157538607, -121.287894906339, -10.06847601908627], "max": [32.51746473832866, 126.19577078311765, 9.498035257168784]}, "high_diagonal": {"mean_std": [4.277649737420258, 6.876943888402384, 1.4995884877451717], "min": [-23.616028013693448, -79.252762025057, -7.674723776687665], "max": [21.11497173255466, 71.32889191788615, 9.546893390582811]}}}