{"0": {"low": {"mean_std": [2.1770148360278285], "min": [-38.416336742005825], "max": [16.95184927332914]}, "high_horizontal": {"mean_std": [0.37749911896610955], "min": [-20.65538320395224], "max": [21.391961476589646]}, "high_vertical": {"mean_std": [0.3792725575805189], "min": [-22.469541661827527], "max": [21.160384497973705]}, "high_diagonal": {"mean_std": [0.16245188854823284], "min": [-15.744451167919774], "max": [12.978847517901961]}}, "1": {"low": {"mean_std": [4.084545122747955], "min": [-76.14653145666897], "max": [12.637094899161067]}, "high_horizontal": {"mean_std": [1.0044374712275974], "min": [-21.95748233695598], "max": [16.315155325876898]}, "high_vertical": {"mean_std": [1.0086278287752009], "min": [-17.168688805209555], "max": [21.57444171685021]}, "high_diagonal": {"mean_std": [0.4975652731167548], "min": [-16.012807739042213], "max": [15.36557105604149]}}, "2": {"low": {"mean_std": [7.26323595153468], "min": [-148.23796619891613], "max": [20.90485351325839]}, "high_horizontal": {"mean_std": [2.456489955428313], "min": [-28.283126642083054], "max": [27.614787694891618]}, "high_vertical": {"mean_std": [2.46511010770526], "min": [-28.844669345453617], "max": [27.419942067181857]}, "high_diagonal": {"mean_std": [1.3660973989106426], "min": [-18.147833053327837], "max": [18.18837193729575]}}, "3": {"low": {"mean_std": [12.026384200543731], "min": [-271.1139256466129], "max": [37.432425196201166]}, "high_horizontal": {"mean_std": [5.239314149184581], "min": [-60.74951795653034], "max": [60.18647777781991]}, "high_vertical": {"mean_std": [5.254748624239126], "min": [-62.46143346773626], "max": [62.93993733537712]}, "high_diagonal": {"mean_std": [3.362439604471051], "min": [-34.07290824913015], "max": [43.213120443983605]}}, "4": {"low": {"mean_std": [18.58426060061658], "min": [-451.8086374420904], "max": [60.03527132966296]}, "high_horizontal": {"mean_std": [9.624359173787637], "min": [-122.87292696501775], "max": [129.06443500550324]}, "high_vertical": {"mean_std": [9.651028913134898], "min": [-121.28247065152111], "max": [126.19475469775612]}, "high_diagonal": {"mean_std": [6.876073662995223], "min": [-79.24903424274548], "max": [71.32195856854652]}}}