{"0": {"low": {"mean_std": [1.6561950379726291, 1.7230676887091252, 2.1761440163323402, 1.043788084809489, 1.000240077992362], "min": [-8.334596392686526, -169.37171309945762, -38.416336742005825, -3.638128883782748, -0.5958962488987993], "max": [28.211526088748553, 102.72088268032925, 16.95184927332914, 13.61983732494105, 10.046797504956501]}, "high_horizontal": {"mean_std": [0.6817124451743651, 0.3709333455755365, 0.37749220837847014, 0.9556385064690947, 0.9955295519938573], "min": [-11.008772639318488, -36.872203073294315, -20.65538320395224, -9.5286540495275, -6.595693781924115], "max": [11.752907379973788, 36.50242078972977, 21.391961476589646, 9.236609958681823, 6.662039626270434]}, "high_vertical": {"mean_std": [0.6860622134900783, 0.3727918606983109, 0.3792656940972317, 0.9675352763803228, 0.9960366354135916], "min": [-12.445126750470841, -41.60102772407849, -22.469541661827527, -9.433582874950815, -6.743310176845045], "max": [12.375076310797237, 42.739667218790075, 21.160384497973705, 9.265608530571022, 6.743310176845046]}, "high_diagonal": {"mean_std": [0.4588713305204017, 0.17259075958636377, 0.16244902950067464, 0.9530577943518272, 0.9952146859701261], "min": [-5.364871955960977, -18.65959308204249, -15.744451167919774, -8.688106045290565, -6.718442370768149], "max": [5.641484063728292, 23.45517275887497, 12.978847517901961, 9.359970470499134, 6.57954470076842]}}, "1": {"low": {"mean_std": [2.7566773496944807, 3.167472832777282, 4.082560749614707, 1.2071742566990715, 1.0092804031934552], "min": [-13.699821471912003, -229.00770170753205, -76.14653145666897, -5.360631567281251, -1.1917924977975987], "max": [34.41935199145972, 147.11277506694012, 12.637094899161067, 14.452109050565284, 8.771313110860659]}, "high_horizontal": {"mean_std": [1.1537639574825507, 0.8896336745007242, 1.004417930403161, 0.9925770438069059, 0.9977991768884987], "min": [-16.057012570828974, -66.9745927772378, -21.95748233695598, -10.410435653348157, -7.373849674192656], "max": [14.34443536906947, 66.97459277719314, 16.315155325876898, 9.130118708667192, 7.1721307323667025]}, "high_vertical": {"mean_std": [1.1569281633471162, 0.8933512551099236, 1.008599850159159, 0.9914987842427889, 0.9975363810297365], "min": [-13.929909949018905, -64.11926403328702, -17.168688805209555, -9.256973413974912, -6.952331302164463], "max": [14.438849927416987, 72.61281443533989, 21.57444171685021, 8.685051258407388, 7.1796077972389725]}, "high_diagonal": {"mean_std": [0.8383090149440534, 0.5021542081044906, 0.4975586600665315, 0.9655499097125065, 0.9962804759885847], "min": [-10.262953568657512, -36.92952926903858, -16.012807739042213, -7.554319956637224, -6.903523873060548], "max": [10.61128079608147, 52.10729515942766, 15.36557105604149, 8.41593194712434, 7.321580618373386]}}, "2": {"low": {"mean_std": [4.526691658877772, 5.5354121846058355, 7.258232312587089, 1.5356603214167006, 1.0314653006810879], "min": [-21.975216279916403, -317.6117599682358, -148.23796619891613, -7.665970613906094, -2.3835849955951973], "max": [42.020307238745175, 213.2031943431987, 20.90485351325839, 14.909352165506117, 7.52505842672756]}, "high_horizontal": {"mean_std": [1.980442884089118, 2.0053630371421303, 2.4563765984769383, 1.101759611870092, 1.003226861364056], "min": [-16.383378742806674, -93.26637152915113, -28.283126642083054, -10.585778606281185, -6.639058526306746], "max": [18.187009058721262, 116.81309368997427, 27.614787694891618, 13.544430155041313, 6.299490102108367]}, "high_vertical": {"mean_std": [1.9859355433097894, 2.013642049484487, 2.464972347835843, 1.1011258933341073, 1.002887779409385], "min": [-19.23814208174942, -105.54610609453574, -28.844669345453617, -9.605585644092445, -6.449254732637093], "max": [17.00400314353699, 94.69680673490022, 27.419942067181857, 9.982859249478693, 6.309743579472204]}, "high_diagonal": {"mean_std": [1.4284472836710085, 1.1852222276627444, 1.3660477998160017, 1.021894041857747, 0.9991742393052899], "min": [-12.067914001036764, -74.08531443348045, -18.147833053327837, -8.269176602997566, -6.143799017557521], "max": [12.609308042142743, 60.69192722569503, 18.18837193729575, 7.7733675536322915, 6.118383969122138]}}, "3": {"low": {"mean_std": [7.2379116704427116, 9.0346561976239, 12.01207386487378, 2.1084098826915962, 1.0835803884818038], "min": [-34.10696862253459, -441.97832297570733, -271.1139256466129, -10.09303141755179, -4.434601440372593], "max": [40.61360200424257, 303.01598560642896, 37.432425196201166, 19.252075155544958, 6.79693753518667]}, "high_horizontal": {"mean_std": [3.4247991925494827, 4.089580465392741, 5.238614443334796, 1.343429239853662, 1.0170574535246972], "min": [-23.052910859895754, -153.99938122341646, -60.74951795653034, -8.232666673350476, -7.02621794232705], "max": [23.61421504574319, 209.53577460547007, 60.18647777781991, 9.80001218750031, 5.435447566880575]}, "high_vertical": {"mean_std": [3.432614966581936, 4.1012669036769385, 5.254034060297441, 1.3428929616403849, 1.016336175925022], "min": [-23.153185497700836, -121.91090518375412, -62.46143346773626, -10.447462937063948, -5.554263993874913], "max": [25.286287416532033, 127.71967963486081, 62.93993733537712, 9.023499498277499, 6.141951702251917]}, "high_diagonal": {"mean_std": [2.462234033658303, 2.7065542427487035, 3.3621367046330626, 1.1742036529483437, 1.0069254352853036], "min": [-16.729450243761754, -97.91847875799937, -34.07290824913015, -7.960453265680892, -5.819720408012072], "max": [14.420299560707898, 155.847397666811, 43.213120443983605, 6.456767782153423, 5.423359022498501]}}, "4": {"low": {"mean_std": [11.04668520958928, 13.854298181093455, 18.539529095672176, 2.979037762379022, 1.1929210639411383], "min": [-51.40435201142477, -613.2125888807233, -451.8086374420904, -14.006052520152641, -5.966888831860929], "max": [54.72378125882434, 502.31952232903694, 60.03527132966296, 14.416682085250336, 6.45341592600957]}, "high_horizontal": {"mean_std": [5.868270811581327, 7.263539682968423, 9.620866137115957, 1.8243307160281375, 1.052701402971465], "min": [-31.059529166099882, -191.24122591484888, -122.87292696501775, -8.76788864390923, -5.257355169313875], "max": [28.553341706405426, 202.2522232429897, 129.06443500550324, 9.41776202817942, 5.3927863210004325]}, "high_vertical": {"mean_std": [5.890368275134225, 7.297035443471852, 9.647063606901192, 1.8239825256177136, 1.0529341682428621], "min": [-30.454522104848262, -241.50075606422004, -121.28247065152111, -10.06847601908627, -5.51521590383107], "max": [32.21254346624795, 232.26601294363613, 126.19475469775612, 9.498035257168784, 5.327450545944039]}, "high_diagonal": {"mean_std": [4.282900719055579, 5.3082213585643645, 6.874116200576653, 1.4993510284991933, 1.027341559372235], "min": [-23.85957549069948, -178.6798728421243, -79.24903424274548, -7.674723776687665, -5.257571503472212], "max": [21.20025623896308, 163.53987807108427, 71.32195856854652, 9.546893390582811, 5.102298342360085]}}}