{"0": {"low": {"mean_std": [1.656314188069083, 1.0437990646975872], "min": [-8.314464315334172, -3.638128883782748], "max": [27.899015209473365, 13.61983732494105]}, "high_horizontal": {"mean_std": [0.6817151526533516, 0.9556451725879399], "min": [-10.754872504473246, -9.5286540495275], "max": [11.30822068465952, 9.236609958681823]}, "high_vertical": {"mean_std": [0.6860693250283433, 0.9675447612322545], "min": [-12.03124413904121, -9.433582874950815], "max": [12.403249617494918, 9.265608530571022]}, "high_diagonal": {"mean_std": [0.45887773789660835, 0.95307193833576], "min": [-5.301498648807473, -8.688106045290565], "max": [5.736186421005232, 9.359970470499134]}}, "1": {"low": {"mean_std": [2.756995667796071, 1.2072103673127272], "min": [-13.563323040400418, -5.360631567281251], "max": [33.88981337451356, 14.452109050565284]}, "high_horizontal": {"mean_std": [1.15370877549458, 0.9925876872251423], "min": [-15.774423726657847, -10.410435653348157], "max": [14.294003550366865, 9.130118708667192]}, "high_vertical": {"mean_std": [1.1569662216535477, 0.991500599803512], "min": [-13.575686101154801, -9.256973413974912], "max": [14.552026184002449, 8.685051258407388]}, "high_diagonal": {"mean_std": [0.8383267289013507, 0.9655540697999918], "min": [-10.02599816318961, -7.554319956637224], "max": [10.474894936804803, 8.41593194712434]}}, "2": {"low": {"mean_std": [4.527476115127952, 1.5357770684011216], "min": [-21.68486989540778, -7.665970613906094], "max": [41.779389134601836, 14.909352165506117]}, "high_horizontal": {"mean_std": [1.9804174163086132, 1.101786080910585], "min": [-16.270555394327157, -10.585778606281185], "max": [18.09584357173962, 13.544430155041313]}, "high_vertical": {"mean_std": [1.9858951865709729, 1.1011320509389415], "min": [-19.421871450126993, -9.605585644092445], "max": [17.288303534053846, 9.982859249478693]}, "high_diagonal": {"mean_std": [1.4283791209281023, 1.0219016342967178], "min": [-11.979550474773744, -8.269176602997566], "max": [12.457796386609012, 7.7733675536322915]}}, "3": {"low": {"mean_std": [7.239703295002483, 2.1087875404874277], "min": [-34.41436882222145, -10.09303141755179], "max": [40.40215540576316, 19.252075155544958]}, "high_horizontal": {"mean_std": [3.425096938707147, 1.3434651726494216], "min": [-22.837005894213966, -8.232666673350476], "max": [23.3507893480464, 9.800012187500307]}, "high_vertical": {"mean_std": [3.4324551410656725, 1.3429351946607366], "min": [-23.074559326531062, -10.447462937063948], "max": [25.71319587061422, 9.023499498277499]}, "high_diagonal": {"mean_std": [2.4621221815221177, 1.1742455123778643], "min": [-17.24125244070951, -7.960453265680892], "max": [14.580841859835054, 6.456767782153423]}}, "4": {"low": {"mean_std": [11.051942916211898, 2.9802173940364067], "min": [-51.91442297346693, -14.006052520152641], "max": [55.295184818171165, 14.416682085250336]}, "high_horizontal": {"mean_std": [5.869134518295521, 1.8245656045171035], "min": [-31.088301152385533, -8.76788864390923], "max": [28.766456959076997, 9.41776202817942]}, "high_vertical": {"mean_std": [5.8909870218479545, 1.8242279469546774], "min": [-30.491951880230115, -10.06847601908627], "max": [32.72194078416296, 9.498035257168784]}, "high_diagonal": {"mean_std": [4.2834538416912995, 1.4995884877451722], "min": [-23.49128271502719, -7.674723776687665], "max": [21.17680228968929, 9.546893390582811]}}}