{"0": {"low": {"mean_std": [2.179070544972503], "min": [-38.41633194005133], "max": [17.071695805874455]}, "high_horizontal": {"mean_std": [0.3863670730565966], "min": [-20.72486082077695], "max": [21.417513095732737]}, "high_vertical": {"mean_std": [0.3881000372000469], "min": [-22.498903038398602], "max": [21.12092208877207]}, "high_diagonal": {"mean_std": [0.1819737475461968], "min": [-15.8027811676474], "max": [13.048371542555863]}}, "1": {"low": {"mean_std": [4.086351067755164], "min": [-76.14598618366844], "max": [12.871333259104173]}, "high_horizontal": {"mean_std": [1.0079910550611852], "min": [-21.870375083102235], "max": [16.342607420999006]}, "high_vertical": {"mean_std": [1.0121640542348878], "min": [-17.212783431148754], "max": [21.543677489874668]}, "high_diagonal": {"mean_std": [0.5043605391757479], "min": [-15.978819707112834], "max": [15.308636453166514]}}, "2": {"low": {"mean_std": [7.265474380910667], "min": [-148.23939738203316], "max": [21.14473113462612]}, "high_horizontal": {"mean_std": [2.458408321393301], "min": [-28.28843591196489], "max": [27.7084860119666]}, "high_vertical": {"mean_std": [2.4670273297210987], "min": [-28.807913881631197], "max": [27.423929349212827]}, "high_diagonal": {"mean_std": [1.3688454034946134], "min": [-18.08463148065754], "max": [18.202882662503626]}}, "3": {"low": {"mean_std": [12.029662981803169], "min": [-271.1155655704896], "max": [37.67580340095409]}, "high_horizontal": {"mean_std": [5.241184160202681], "min": [-60.7526599206094], "max": [60.16313611286182]}, "high_vertical": {"mean_std": [5.256653633971459], "min": [-62.518582636731416], "max": [62.97252630446716]}, "high_diagonal": {"mean_std": [3.364187551997872], "min": [-34.19980175570832], "max": [43.237025216515555]}}, "4": {"low": {"mean_std": [18.589220708163054], "min": [-451.8120344209218], "max": [60.25807545798475]}, "high_horizontal": {"mean_std": [9.626955478194784], "min": [-122.8929052683355], "max": [129.09513284913413]}, "high_vertical": {"mean_std": [9.653773864093223], "min": [-121.3162433019334], "max": [126.23459743883902]}, "high_diagonal": {"mean_std": [6.878206324684138], "min": [-79.1716873407013], "max": [71.30834018670373]}}}