{"0": {"low": {"mean_std": [2.177314396835645], "min": [-38.41656317333907], "max": [16.92595214828732]}, "high_horizontal": {"mean_std": [0.3806622155048818], "min": [-20.680502428071318], "max": [21.38863559752569]}, "high_vertical": {"mean_std": [0.3824218323461919], "min": [-22.462384133159674], "max": [21.134003080065117]}, "high_diagonal": {"mean_std": [0.18914510778420696], "min": [-15.715388052015983], "max": [13.060498269174813]}}, "1": {"low": {"mean_std": [4.085077464979736], "min": [-76.14645871402004], "max": [12.6608275071398]}, "high_horizontal": {"mean_std": [1.004619078139501], "min": [-21.94975352735085], "max": [16.315654880874025]}, "high_vertical": {"mean_std": [1.0088104613254731], "min": [-17.15525831313383], "max": [21.56873257476217]}, "high_diagonal": {"mean_std": [0.4977048421942387], "min": [-16.04261248232812], "max": [15.390247632714784]}}, "2": {"low": {"mean_std": [7.2641830843859605], "min": [-148.23800281401077], "max": [20.931678302529452]}, "high_horizontal": {"mean_std": [2.4567973361764266], "min": [-28.28920582010919], "max": [27.612096598279543]}, "high_vertical": {"mean_std": [2.465418940784493], "min": [-28.84044451360489], "max": [27.418401559254242]}, "high_diagonal": {"mean_std": [1.36631215308148], "min": [-18.15528632430414], "max": [18.174040115768495]}}, "3": {"low": {"mean_std": [12.0279753351393], "min": [-271.11382456556635], "max": [37.44187228760559]}, "high_horizontal": {"mean_std": [5.239977078489825], "min": [-60.7515912865047], "max": [60.18618312510776]}, "high_vertical": {"mean_std": [5.255411844380156], "min": [-62.46003641151905], "max": [62.942196538296486]}, "high_diagonal": {"mean_std": [3.3628621773141982], "min": [-34.07000604278153], "max": [43.21100666771928]}}, "4": {"low": {"mean_std": [18.586767666941526], "min": [-451.80850319440844], "max": [60.06266507767761]}, "high_horizontal": {"mean_std": [9.625597754510574], "min": [-122.87737598010722], "max": [129.07116211680653]}, "high_vertical": {"mean_std": [9.652271721216469], "min": [-121.28294816281094], "max": [126.19732407726103]}, "high_diagonal": {"mean_std": [6.876951304037012], "min": [-79.25085708700323], "max": [71.32177985206671]}}}