{"0": {"low": {"mean_std": [1.6411790780341333, 1.0437990646975872], "min": [-8.204449854285084, -3.638128883782748], "max": [27.746814188060522, 13.619837324941049]}, "high_horizontal": {"mean_std": [0.6440726662366922, 0.9556451725879399], "min": [-10.804630973675208, -9.5286540495275], "max": [11.61487749540527, 9.236609958681823]}, "high_vertical": {"mean_std": [0.6486510410726347, 0.9675447612322545], "min": [-12.466310715754398, -9.433582874950815], "max": [12.466310715762303, 9.26560853057102]}, "high_diagonal": {"mean_std": [0.4008070291153193, 0.95307193833576], "min": [-5.1589680242935785, -8.688106045290565], "max": [5.602915999938691, 9.359970470499132]}}, "1": {"low": {"mean_std": [2.7479348113160627, 1.207210367312727], "min": [-13.719009122787392, -5.360631567281251], "max": [34.39060879587697, 14.452109050565284]}, "high_horizontal": {"mean_std": [1.1318945486112058, 0.9925876872251423], "min": [-15.884013777888988, -10.410435653348157], "max": [14.434451287220684, 9.13011870866719]}, "high_vertical": {"mean_std": [1.1351818464796928, 0.991500599803512], "min": [-13.69137710619592, -9.256973413974912], "max": [14.694645923330885, 8.685051258407386]}, "high_diagonal": {"mean_std": [0.808015861847033, 0.9655540697999918], "min": [-10.203967952891349, -7.554319956637225], "max": [10.445801210857761, 8.415931947124339]}}, "2": {"low": {"mean_std": [4.521901996247257, 1.5357770684011216], "min": [-21.83234171384936, -7.665970613906095], "max": [41.84572235309932, 14.909352165506117]}, "high_horizontal": {"mean_std": [1.9678235153239616, 1.1017860809105848], "min": [-16.31505567621301, -10.585778606281185], "max": [18.292082292264066, 13.544430155041313]}, "high_vertical": {"mean_std": [1.973344747414702, 1.1011320509389415], "min": [-19.327791615903482, -9.605585644092445], "max": [17.354661116302054, 9.982859249478693]}, "high_diagonal": {"mean_std": [1.4108536692724998, 1.0219016342967178], "min": [-12.163632468466721, -8.269176602997566], "max": [12.313113117518142, 7.7733675536322915]}}, "3": {"low": {"mean_std": [7.236250668490571, 2.1087875404874277], "min": [-34.02682444605869, -10.093031417551792], "max": [40.39480994775082, 19.252075155544954]}, "high_horizontal": {"mean_std": [3.4176923312768572, 1.3434651726494216], "min": [-23.134034377589337, -8.232666673350476], "max": [23.81832165213216, 9.800012187500307]}, "high_vertical": {"mean_std": [3.4254278845638333, 1.3429351946607366], "min": [-23.114071411893043, -10.447462937063948], "max": [25.501559253748326, 9.0234994982775]}, "high_diagonal": {"mean_std": [2.452014885456254, 1.1742455123778643], "min": [-16.64312151132387, -7.960453265680892], "max": [14.42529735602037, 6.456767782153424]}}, "4": {"low": {"mean_std": [11.04972013515068, 2.9802173940364067], "min": [-51.93965515497769, -14.006052520152645], "max": [55.14455395886858, 14.416682085250335]}, "high_horizontal": {"mean_std": [5.864913677267685, 1.8245656045171035], "min": [-30.996829648667482, -8.76788864390923], "max": [28.773996857594007, 9.41776202817942]}, "high_vertical": {"mean_std": [5.886919497771997, 1.8242279469546774], "min": [-30.432176497758054, -10.06847601908627], "max": [32.512748771311394, 9.498035257168784]}, "high_diagonal": {"mean_std": [4.277645735465437, 1.4995884877451717], "min": [-23.61587966677775, -7.674723776687665], "max": [21.121688168639505, 9.546893390582811]}}}