{"0": {"low": {"mean_std": [1.6872058454234673, 1.0441056950130325], "min": [-8.318611430457938, -3.526331640698832], "max": [20.440275278438307, 11.948569883560682]}, "high_horizontal": {"mean_std": [0.758910145740792, 0.9563114323156701], "min": [-9.873846893564087, -7.331061098187003], "max": [11.646876212342923, 6.87266440054356]}, "high_vertical": {"mean_std": [0.7620631899724012, 0.9672243155854253], "min": [-8.383521757951222, -6.899629453370425], "max": [7.725644634078637, 6.425393731201312]}, "high_diagonal": {"mean_std": [0.5665028359777654, 0.9527783676694355], "min": [-4.601539707718893, -6.227174869765311], "max": [5.0897712180308625, 6.380597968980812]}}, "1": {"low": {"mean_std": [2.77237948706107, 1.2076753022933244], "min": [-13.141814325699848, -4.805487063684443], "max": [27.817705219035602, 10.701523821103581]}, "high_horizontal": {"mean_std": [1.1995401027286512, 0.9922987241942763], "min": [-9.827044079988369, -5.854091965606037], "max": [11.843892357477355, 6.6971733739007835]}, "high_vertical": {"mean_std": [1.2038357654246554, 0.9928773489067071], "min": [-11.62400379529792, -7.863745258278469], "max": [11.777294354058064, 6.895810476770288]}, "high_diagonal": {"mean_std": [0.9006335444514497, 0.9650117447427939], "min": [-7.143899477189723, -5.18269142970394], "max": [8.176099620369389, 4.944938112457709]}}, "2": {"low": {"mean_std": [4.529236116538158, 1.5354902770262537], "min": [-20.68510123919319, -6.398536339419974], "max": [35.23682292059563, 9.293765578478927]}, "high_horizontal": {"mean_std": [2.006818765326692, 1.1030088226084518], "min": [-14.334197446482495, -5.662374597878468], "max": [13.224275783141323, 6.294741728328842]}, "high_vertical": {"mean_std": [2.011183245670788, 1.1023120390035692], "min": [-11.270263063556522, -7.185078858039367], "max": [14.506185228315676, 7.827695827019708]}, "high_diagonal": {"mean_std": [1.466866643974447, 1.0212202659080527], "min": [-8.42539889950287, -5.0171942861438446], "max": [9.564588110130813, 5.158795850576071]}}, "3": {"low": {"mean_std": [7.220922175226762, 2.1084660800558486], "min": [-31.805582847354362, -9.454240006396047], "max": [33.17587755748572, 8.64478780492617]}, "high_horizontal": {"mean_std": [3.4319516202746203, 1.3448895344148335], "min": [-19.05958138649916, -5.746002622390591], "max": [16.527905332202597, 6.197015609505053]}, "high_vertical": {"mean_std": [3.4493008808201773, 1.3401667906782124], "min": [-18.748739618261137, -5.957884353292323], "max": [20.194843394029792, 6.60537371660673]}, "high_diagonal": {"mean_std": [2.485131863484385, 1.1711298437444262], "min": [-12.857975303122757, -5.149605765661476], "max": [12.005811810650036, 5.372548482622658]}}, "4": {"low": {"mean_std": [10.982699842263653, 2.975083109160942], "min": [-43.396102210586065, -12.566873930057568], "max": [43.32014055493143, 12.35466449176529]}, "high_horizontal": {"mean_std": [5.885585727454251, 1.8262957038973375], "min": [-25.36784942463004, -7.531324878247321], "max": [24.156395714297652, 7.596202835532239]}, "high_vertical": {"mean_std": [5.86161746405245, 1.809903698693389], "min": [-23.539013713340587, -6.75905200064758], "max": [25.518952147046747, 7.19378651404246]}, "high_diagonal": {"mean_std": [4.279922501927188, 1.5027790032450534], "min": [-18.572670560024687, -5.891228726071379], "max": [19.9759718312647, 5.661534152339083]}}}